Country,Score,Score_Normalized,Rank
中国,1.2684393620130003,1.0,1
美国,0.977286646853923,0.8339646438450745,2
印度,0.05379338351314345,0.30732510073903097,3
阿联酋,-0.04236403088813717,0.2524895120057084,4
韩国,-0.21299348269329013,0.1551848319325404,5
日本,-0.33975934811446284,0.08289419366048463,6
德国,-0.38767503659841673,0.05556936380789343,7
英国,-0.40668841426168206,0.044726624696552746,8
法国,-0.42491991128285767,0.034329767846035496,9
加拿大,-0.48511916854121917,0.0,10
