Spearman_rho,p_value,method
0.9757575757575757,1.4675461874042192e-06,scipy
