Spearman_rho,p_value,method
0.9515151515151514,2.279854920641689e-05,scipy
